{
    "steps": [
        0,
        10,
        20,
        30,
        40,
        50,
        60,
        70,
        80,
        90,
        100,
        110,
        116
    ],
    "hotpot_loss": [
        1.8907819986343384,
        1.818734049797058,
        1.79236900806427,
        1.7798293828964233,
        1.7729295492172241,
        1.7680554389953613,
        1.7648228406906128,
        1.762457013130188,
        1.7607601881027222,
        1.7595378160476685,
        1.7587740421295166,
        1.7583622932434082,
        1.758246898651123
    ],
    "math_loss": [
        1.0677742958068848,
        1.0959221124649048,
        1.1331177949905396,
        1.1640350818634033,
        1.1838042736053467,
        1.1935867071151733,
        1.1982938051223755,
        1.2017308473587036,
        1.203861117362976,
        1.205407977104187,
        1.2079577445983887,
        1.2071080207824707,
        1.2071207761764526
    ]
}