{
    "steps": [
        0,
        30,
        60,
        90,
        120,
        150,
        180,
        210,
        240,
        270,
        300,
        330,
        360,
        390,
        420,
        450,
        480,
        480
    ],
    "hotpot_loss": [
        1.8861935138702393,
        1.8331129550933838,
        1.816532850265503,
        1.8484665155410767,
        1.8759382963180542,
        1.8866559267044067,
        1.886415958404541,
        1.9038832187652588,
        1.876521348953247,
        1.9028130769729614,
        1.8909803628921509,
        1.903076171875,
        1.8915754556655884,
        1.904404640197754,
        1.9014084339141846,
        1.9025908708572388,
        1.901545763015747,
        1.901545763015747
    ],
    "math_loss": [
        1.562025785446167,
        1.3540046215057373,
        1.1935169696807861,
        1.1565721035003662,
        1.1430108547210693,
        1.1325714588165283,
        1.1322098970413208,
        1.132487416267395,
        1.1250718832015991,
        1.128334879875183,
        1.1247200965881348,
        1.1263004541397095,
        1.1233359575271606,
        1.127627968788147,
        1.124100923538208,
        1.1252516508102417,
        1.124323844909668,
        1.124323844909668
    ]
}