{
    "steps": [
        0,
        10,
        20,
        30,
        40,
        50,
        60,
        70,
        80,
        90,
        100,
        110,
        120,
        126
    ],
    "hotpot_loss": [
        1.9703929424285889,
        1.9910733699798584,
        1.948284387588501,
        1.9816704988479614,
        1.9818288087844849,
        1.9804391860961914,
        1.9934232234954834,
        1.9744586944580078,
        1.981687068939209,
        1.9800646305084229,
        1.986036777496338,
        1.998262882232666,
        1.9953031539916992,
        1.9939254522323608
    ],
    "math_loss": [
        1.200460433959961,
        1.2107011079788208,
        1.199516773223877,
        1.2059298753738403,
        1.2028861045837402,
        1.203822374343872,
        1.2095921039581299,
        1.2066220045089722,
        1.2112005949020386,
        1.2079192399978638,
        1.2125496864318848,
        1.2175462245941162,
        1.2170871496200562,
        1.2165957689285278
    ]
}