{
    "steps": [
        0,
        10,
        20,
        30,
        40,
        50,
        60,
        70,
        80,
        90,
        100,
        110,
        120,
        126
    ],
    "hotpot_loss": [
        1.83704674243927,
        1.9308373928070068,
        1.958544373512268,
        2.002117156982422,
        2.0330939292907715,
        2.039902925491333,
        2.0527446269989014,
        2.038024425506592,
        2.06607985496521,
        2.0700507164001465,
        2.0767946243286133,
        2.0804286003112793,
        2.0776121616363525,
        2.0768473148345947
    ],
    "math_loss": [
        1.081144094467163,
        1.1787818670272827,
        1.2176960706710815,
        1.2521580457687378,
        1.2826377153396606,
        1.2905207872390747,
        1.306570291519165,
        1.296546459197998,
        1.315962791442871,
        1.3262301683425903,
        1.3347588777542114,
        1.3379755020141602,
        1.3374073505401611,
        1.3365516662597656
    ]
}