{
    "steps": [
        0,
        24,
        48,
        72,
        96,
        120,
        144,
        168,
        192,
        216,
        240,
        264,
        288,
        312,
        336,
        360,
        384,
        408,
        432,
        456,
        480,
        504,
        528,
        552,
        576,
        600,
        624,
        648,
        672,
        696,
        720,
        744,
        768,
        792,
        816,
        840,
        864,
        888,
        912
    ],
    "hotpot_loss": [
        1.8874653422314187,
        1.8584914414779,
        1.8213759142419566,
        1.7946450502976128,
        1.7959281517111736,
        1.8031959896502288,
        1.8180162854816602,
        1.8233832276385764,
        1.8327983462292214,
        1.846039865327918,
        1.8590990097626396,
        1.8556932210922241,
        1.8597589523895928,
        1.8588396829107534,
        1.8655442621396936,
        1.8570563015730486,
        1.86624771097432,
        1.8675860788511194,
        1.8768272866373477,
        1.8667400608892026,
        1.8849363327026367,
        1.883251164270484,
        1.8770524574362712,
        1.8800343897031702,
        1.8783657188000886,
        1.8858499837958294,
        1.8927010712416277,
        1.875805554182633,
        1.881435109221417,
        1.883444221123405,
        1.8833655067112134,
        1.8840794459633206,
        1.875920041747715,
        1.8866168467894844,
        1.8741158506144648,
        1.8875794255215188,
        1.8897712904474009,
        1.8863479520963586,
        1.8902397985043733
    ],
    "math_loss": [
        1.5751868677139282,
        1.3918893146514892,
        1.1936272335052491,
        1.129523961544037,
        1.1056266140937805,
        1.0910035109519958,
        1.0803672313690185,
        1.0700434994697572,
        1.0632092833518982,
        1.057858428955078,
        1.0536267232894898,
        1.048769347667694,
        1.046321144104004,
        1.041132845878601,
        1.0401995778083801,
        1.0374967551231384,
        1.0347120094299316,
        1.0308417344093324,
        1.0296080803871155,
        1.0285805082321167,
        1.0274777102470398,
        1.0266835618019103,
        1.0254979634284973,
        1.021006510257721,
        1.0223008179664612,
        1.0233127903938293,
        1.0213046598434448,
        1.0206676316261292,
        1.0198664140701295,
        1.0182153487205505,
        1.0163500022888183,
        1.0164016532897948,
        1.014754557609558,
        1.0137717533111572,
        1.0137870359420775,
        1.0113077235221863,
        1.0109520840644837,
        1.0096456742286681,
        1.0097246623039247
    ]
}