{
    "steps": [
        0,
        10,
        20,
        30,
        40,
        50,
        60,
        70,
        80,
        90,
        100,
        110,
        116
    ],
    "hotpot_loss": [
        1.9254858493804932,
        1.8399745225906372,
        1.8470746278762817,
        1.8761155605316162,
        1.9032373428344727,
        1.9170784950256348,
        1.9232573509216309,
        1.9367402791976929,
        1.954658031463623,
        1.9658751487731934,
        1.9750287532806396,
        1.9771548509597778,
        1.9777376651763916
    ],
    "math_loss": [
        1.0535187721252441,
        1.111164927482605,
        1.208580493927002,
        1.353413701057434,
        1.5237280130386353,
        1.666566014289856,
        1.7902649641036987,
        1.936373233795166,
        2.0783653259277344,
        2.176147222518921,
        2.2607624530792236,
        2.280207633972168,
        2.2843708992004395
    ]
}