{
    "steps": [
        0,
        10,
        20,
        30,
        40,
        50,
        60,
        70,
        80,
        90,
        100,
        110,
        120,
        126
    ],
    "hotpot_loss": [
        1.9124196767807007,
        2.0489180088043213,
        2.033576011657715,
        2.0285401344299316,
        2.042933225631714,
        2.0362446308135986,
        2.055644989013672,
        2.0399601459503174,
        2.0534472465515137,
        2.050086498260498,
        2.055722713470459,
        2.060450315475464,
        2.0565638542175293,
        2.056110143661499
    ],
    "math_loss": [
        1.1139241456985474,
        1.1748523712158203,
        1.1911966800689697,
        1.199176549911499,
        1.2074850797653198,
        1.2127161026000977,
        1.225261926651001,
        1.22262704372406,
        1.2291717529296875,
        1.2289166450500488,
        1.232850193977356,
        1.2353622913360596,
        1.234965443611145,
        1.2346985340118408
    ]
}