{
    "steps": [
        0,
        10,
        20,
        30,
        40,
        50,
        60,
        70,
        80,
        90,
        100,
        110,
        116
    ],
    "hotpot_loss": [
        1.8907819986343384,
        1.7872382402420044,
        1.7666701078414917,
        1.7579853534698486,
        1.7524311542510986,
        1.7485759258270264,
        1.7458137273788452,
        1.7439169883728027,
        1.7423558235168457,
        1.7412723302841187,
        1.7405736446380615,
        1.7401056289672852,
        1.7400928735733032
    ],
    "math_loss": [
        1.0677742958068848,
        1.1380577087402344,
        1.2130781412124634,
        1.2643709182739258,
        1.2901611328125,
        1.2987060546875,
        1.2989767789840698,
        1.3017361164093018,
        1.3065778017044067,
        1.3084132671356201,
        1.3094531297683716,
        1.3096572160720825,
        1.3087648153305054
    ]
}