{
    "steps": [
        0,
        24,
        48,
        72,
        96,
        120,
        144,
        168,
        192,
        216,
        240,
        264,
        288,
        312,
        336,
        360,
        384,
        408,
        432,
        456,
        480,
        504,
        528,
        552,
        576,
        600,
        624,
        648,
        672,
        696,
        720,
        744,
        768,
        792,
        816,
        840,
        864,
        888,
        912
    ],
    "hotpot_loss": [
        1.8873322217360786,
        1.8052311202754145,
        1.771121771439262,
        1.7614287034324978,
        1.7560167934583581,
        1.7520796008732007,
        1.7494294280591218,
        1.747537612915039,
        1.7452884031378704,
        1.7435360835946125,
        1.7422770935556162,
        1.7411690639412922,
        1.7394961274188498,
        1.7385791384655496,
        1.738007851268934,
        1.736997542173966,
        1.73595450753751,
        1.7356572203014209,
        1.7346698615861975,
        1.7341803104981133,
        1.7337795185006184,
        1.7330286451008008,
        1.733263637708581,
        1.7328636387120122,
        1.732175868490468,
        1.7319623128227566,
        1.7316143668216208,
        1.7311125319937002,
        1.7310021597406138,
        1.7309035943902058,
        1.7301312218541685,
        1.7297510841618413,
        1.7294648574746174,
        1.7298879623413086,
        1.7292981458746868,
        1.7294695947481238,
        1.7287045354428499,
        1.7284595966339111,
        1.7284090674441794
    ],
    "math_loss": [
        1.5754745674133301,
        1.1599145817756653,
        1.0879723715782166,
        1.0615563559532166,
        1.043908269405365,
        1.0313266825675964,
        1.0212906694412232,
        1.015488290786743,
        1.008580584526062,
        1.0033001947402953,
        0.9981796360015869,
        0.9946447467803955,
        0.991123583316803,
        0.9880349016189576,
        0.986384539604187,
        0.9848681449890136,
        0.9805313944816589,
        0.9766525602340699,
        0.9751366066932678,
        0.9744091534614563,
        0.9724338817596435,
        0.9726920628547668,
        0.9699005770683289,
        0.9686048698425292,
        0.9644360947608948,
        0.9625581312179565,
        0.9624255609512329,
        0.961413733959198,
        0.9598522520065308,
        0.957992262840271,
        0.9557908701896668,
        0.955055627822876,
        0.9544316029548645,
        0.9531939935684204,
        0.9521762490272522,
        0.9495267581939697,
        0.9487019443511963,
        0.9483211064338684,
        0.9466453742980957
    ]
}