{
    "steps": [
        0,
        30,
        60,
        90,
        120,
        150,
        180,
        210,
        240,
        270,
        300,
        330,
        360,
        390,
        420,
        450,
        480,
        480
    ],
    "hotpot_loss": [
        1.8860830068588257,
        1.7642924785614014,
        1.7490403652191162,
        1.742232084274292,
        1.7386549711227417,
        1.7352142333984375,
        1.7330068349838257,
        1.7311040163040161,
        1.7296515703201294,
        1.7286347150802612,
        1.7279967069625854,
        1.7273211479187012,
        1.7267379760742188,
        1.7260414361953735,
        1.7255573272705078,
        1.725577473640442,
        1.725394368171692,
        1.725394368171692
    ],
    "math_loss": [
        1.562277913093567,
        1.1294608116149902,
        1.075172781944275,
        1.0518684387207031,
        1.0335279703140259,
        1.0236585140228271,
        1.0169211626052856,
        1.011289119720459,
        1.0072461366653442,
        1.0035954713821411,
        1.0004265308380127,
        0.9977865219116211,
        0.9953784346580505,
        0.99407559633255,
        0.9931315779685974,
        0.9916338920593262,
        0.9921565055847168,
        0.9921565055847168
    ]
}