{
    "steps": [
        0,
        10,
        20,
        30,
        40,
        50,
        60,
        70,
        80,
        90,
        100,
        110,
        120,
        130,
        140,
        150,
        160,
        170,
        180,
        190,
        200,
        210,
        220,
        230,
        232
    ],
    "hotpot_loss": [
        1.8981038331985474,
        1.7961399555206299,
        1.7763392925262451,
        1.7671525478363037,
        1.7609713077545166,
        1.7569124698638916,
        1.7538422346115112,
        1.751086711883545,
        1.7492715120315552,
        1.7473905086517334,
        1.7458522319793701,
        1.7445451021194458,
        1.7435028553009033,
        1.7422901391983032,
        1.7415026426315308,
        1.7408593893051147,
        1.7402669191360474,
        1.7393083572387695,
        1.7392345666885376,
        1.738822102546692,
        1.7384802103042603,
        1.738599419593811,
        1.738206386566162,
        1.7383724451065063,
        1.7437233924865723
    ],
    "math_loss": [
        0.98433917760849,
        1.0273934602737427,
        1.0664812326431274,
        1.0890836715698242,
        1.0968941450119019,
        1.1057156324386597,
        1.109076738357544,
        1.1158664226531982,
        1.119455337524414,
        1.1240952014923096,
        1.128615140914917,
        1.132562279701233,
        1.141672134399414,
        1.1462633609771729,
        1.1542413234710693,
        1.1604459285736084,
        1.1656522750854492,
        1.1706827878952026,
        1.174870252609253,
        1.1801707744598389,
        1.181047797203064,
        1.1834802627563477,
        1.1863244771957397,
        1.1873502731323242,
        1.1848676204681396
    ]
}