{
    "steps": [
        0,
        10,
        20,
        30,
        40,
        50,
        60,
        70,
        80,
        90,
        100,
        110,
        120,
        130,
        140,
        150,
        160,
        170,
        180,
        190,
        200,
        210,
        220,
        230,
        232
    ],
    "hotpot_loss": [
        1.8981002569198608,
        1.7978061437606812,
        1.777977705001831,
        1.7687599658966064,
        1.7625904083251953,
        1.7585221529006958,
        1.755407691001892,
        1.7526850700378418,
        1.7507493495941162,
        1.7489084005355835,
        1.7475173473358154,
        1.7460498809814453,
        1.7450324296951294,
        1.7439210414886475,
        1.74317467212677,
        1.7424416542053223,
        1.74188232421875,
        1.7410279512405396,
        1.7408493757247925,
        1.7405024766921997,
        1.740141749382019,
        1.740113615989685,
        1.7398037910461426,
        1.739854335784912,
        1.7439095973968506
    ],
    "math_loss": [
        0.9843136072158813,
        1.0255937576293945,
        1.0653742551803589,
        1.0870262384414673,
        1.0974676609039307,
        1.1048548221588135,
        1.1091734170913696,
        1.1142712831497192,
        1.1195440292358398,
        1.124364972114563,
        1.1284043788909912,
        1.1331068277359009,
        1.140159249305725,
        1.1453055143356323,
        1.1526769399642944,
        1.1595035791397095,
        1.1638092994689941,
        1.1681551933288574,
        1.1752476692199707,
        1.1791759729385376,
        1.1808305978775024,
        1.1832959651947021,
        1.1850883960723877,
        1.1853471994400024,
        1.1853619813919067
    ]
}