{
    "steps": [
        0,
        10,
        20,
        30,
        40,
        50,
        60,
        70,
        80,
        90,
        100,
        110,
        120,
        130,
        140,
        150,
        160,
        170,
        180,
        190,
        200,
        210,
        220,
        230,
        232
    ],
    "hotpot_loss": [
        1.8975456953048706,
        1.7992706298828125,
        1.779605507850647,
        1.770179033279419,
        1.7640557289123535,
        1.760083794593811,
        1.7569377422332764,
        1.7542434930801392,
        1.7522414922714233,
        1.750352382659912,
        1.7489808797836304,
        1.7476001977920532,
        1.746518850326538,
        1.7454235553741455,
        1.744617223739624,
        1.743914246559143,
        1.7433580160140991,
        1.7425832748413086,
        1.7423388957977295,
        1.7419939041137695,
        1.7417054176330566,
        1.7415354251861572,
        1.7413471937179565,
        1.7412902116775513,
        1.7440298795700073
    ],
    "math_loss": [
        0.9843577742576599,
        1.0254313945770264,
        1.0645561218261719,
        1.0868713855743408,
        1.0971264839172363,
        1.104181170463562,
        1.1085044145584106,
        1.1143327951431274,
        1.1195389032363892,
        1.1235098838806152,
        1.1275296211242676,
        1.1322134733200073,
        1.140905737876892,
        1.1475608348846436,
        1.1526365280151367,
        1.158927321434021,
        1.164954423904419,
        1.1691969633102417,
        1.174428105354309,
        1.1812618970870972,
        1.1802994012832642,
        1.1839044094085693,
        1.186457872390747,
        1.1847854852676392,
        1.1865462064743042
    ]
}