{
    "steps": [
        0,
        10,
        20,
        30,
        40,
        50,
        60,
        70,
        80,
        90,
        100,
        110,
        120,
        130,
        140,
        150,
        160,
        170,
        180,
        190,
        200,
        210,
        220,
        230,
        232
    ],
    "hotpot_loss": [
        1.897182822227478,
        1.8028218746185303,
        1.7842398881912231,
        1.7743513584136963,
        1.7678076028823853,
        1.7638777494430542,
        1.7606966495513916,
        1.7581592798233032,
        1.7559558153152466,
        1.7542017698287964,
        1.7527387142181396,
        1.751462697982788,
        1.7503135204315186,
        1.7494076490402222,
        1.7486202716827393,
        1.7479095458984375,
        1.7473320960998535,
        1.746800422668457,
        1.7463886737823486,
        1.746036171913147,
        1.7458230257034302,
        1.7455918788909912,
        1.745469093322754,
        1.7454497814178467,
        1.7454184293746948
    ],
    "math_loss": [
        0.9840841889381409,
        1.0277358293533325,
        1.077412724494934,
        1.099629521369934,
        1.1117570400238037,
        1.1206368207931519,
        1.1238266229629517,
        1.1288816928863525,
        1.13149094581604,
        1.1348272562026978,
        1.137672781944275,
        1.1419363021850586,
        1.146412968635559,
        1.1490285396575928,
        1.1512101888656616,
        1.1549640893936157,
        1.1587507724761963,
        1.1609992980957031,
        1.1627401113510132,
        1.167763113975525,
        1.166716456413269,
        1.1670149564743042,
        1.1673438549041748,
        1.1673029661178589,
        1.1682106256484985
    ]
}