{
    "steps": [
        0,
        10,
        20,
        30,
        40,
        50,
        60,
        70,
        80,
        90,
        100,
        110,
        120,
        130,
        140,
        150,
        160,
        170,
        180,
        190,
        200,
        210,
        220,
        230,
        232
    ],
    "hotpot_loss": [
        1.898250937461853,
        1.8006716966629028,
        1.7811253070831299,
        1.7717297077178955,
        1.765701174736023,
        1.7615807056427002,
        1.7584431171417236,
        1.7558196783065796,
        1.7537705898284912,
        1.7519664764404297,
        1.7504605054855347,
        1.7491401433944702,
        1.7480030059814453,
        1.746949553489685,
        1.7461097240447998,
        1.7454144954681396,
        1.7448410987854004,
        1.7441655397415161,
        1.7438139915466309,
        1.7434724569320679,
        1.743129849433899,
        1.7430669069290161,
        1.7429096698760986,
        1.7428274154663086,
        1.7441682815551758
    ],
    "math_loss": [
        0.9842818379402161,
        1.0252660512924194,
        1.064447283744812,
        1.0866941213607788,
        1.0955616235733032,
        1.1040889024734497,
        1.1078108549118042,
        1.11345374584198,
        1.117508888244629,
        1.121569275856018,
        1.1266413927078247,
        1.1318355798721313,
        1.1400504112243652,
        1.1449964046478271,
        1.1521633863449097,
        1.1598953008651733,
        1.1635018587112427,
        1.169731855392456,
        1.1726616621017456,
        1.1783897876739502,
        1.1815776824951172,
        1.1820807456970215,
        1.181708812713623,
        1.1834667921066284,
        1.1844658851623535
    ]
}