{
    "steps": [
        0,
        10,
        20,
        30,
        40,
        50,
        60,
        70,
        80,
        90,
        100,
        110,
        120,
        130,
        140,
        150,
        160,
        170,
        180,
        190,
        200,
        210,
        220,
        230,
        232
    ],
    "hotpot_loss": [
        1.9086060523986816,
        1.819894790649414,
        1.8094664812088013,
        1.8200291395187378,
        1.8379517793655396,
        1.8533037900924683,
        1.8623963594436646,
        1.8721435070037842,
        1.8899418115615845,
        1.8975203037261963,
        1.915653944015503,
        1.9215681552886963,
        1.9014812707901,
        1.9295191764831543,
        1.9422388076782227,
        1.9384503364562988,
        1.934672474861145,
        1.9286466836929321,
        1.9291155338287354,
        1.9420711994171143,
        1.939424991607666,
        1.9307841062545776,
        1.9330023527145386,
        1.9347875118255615,
        1.9362436532974243
    ],
    "math_loss": [
        1.007152795791626,
        1.0548980236053467,
        1.1203290224075317,
        1.2072588205337524,
        1.3425828218460083,
        1.4961717128753662,
        1.62726891040802,
        1.7725750207901,
        1.93692946434021,
        1.9873517751693726,
        2.081582546234131,
        2.0921130180358887,
        1.9691816568374634,
        2.0960187911987305,
        2.1484885215759277,
        2.145310163497925,
        2.115593671798706,
        2.0915844440460205,
        2.1029298305511475,
        2.155168294906616,
        2.1366541385650635,
        2.0992887020111084,
        2.111250162124634,
        2.120443820953369,
        2.1200931072235107
    ]
}