{
    "steps": [
        0,
        10,
        20,
        30,
        40,
        50,
        60,
        70,
        80,
        90,
        100,
        110,
        120,
        130,
        140,
        150,
        160,
        170,
        180,
        190,
        200,
        210,
        220,
        230,
        232
    ],
    "hotpot_loss": [
        1.909529209136963,
        1.8199331760406494,
        1.80931556224823,
        1.8177568912506104,
        1.832134485244751,
        1.8457345962524414,
        1.858141541481018,
        1.8669278621673584,
        1.8841012716293335,
        1.8958097696304321,
        1.9109933376312256,
        1.9134340286254883,
        1.896151065826416,
        1.920171856880188,
        1.9341981410980225,
        1.9294108152389526,
        1.9285153150558472,
        1.9217077493667603,
        1.9235714673995972,
        1.932788610458374,
        1.932759404182434,
        1.925511121749878,
        1.927150011062622,
        1.928428053855896,
        1.9284172058105469
    ],
    "math_loss": [
        1.0071128606796265,
        1.0601719617843628,
        1.1297955513000488,
        1.1945948600769043,
        1.2853145599365234,
        1.401138186454773,
        1.5165101289749146,
        1.6345787048339844,
        1.7838162183761597,
        1.875792384147644,
        1.9685704708099365,
        1.9881550073623657,
        1.891861915588379,
        1.988763451576233,
        2.05678391456604,
        2.034309148788452,
        2.011744976043701,
        1.9716343879699707,
        1.9820350408554077,
        2.0135090351104736,
        2.008978843688965,
        1.9784806966781616,
        1.9851268529891968,
        1.9919874668121338,
        1.991811752319336
    ]
}