{
    "steps": [
        0,
        10,
        20,
        30,
        40,
        50,
        60,
        70,
        80,
        90,
        100,
        110,
        120,
        130,
        140,
        150,
        160,
        170,
        180,
        190,
        200,
        210,
        220,
        230,
        232
    ],
    "hotpot_loss": [
        1.9089032411575317,
        1.8180136680603027,
        1.808445692062378,
        1.8196336030960083,
        1.8390718698501587,
        1.8546079397201538,
        1.8645915985107422,
        1.876086711883545,
        1.8933913707733154,
        1.901444911956787,
        1.919108510017395,
        1.9258413314819336,
        1.9037539958953857,
        1.9342001676559448,
        1.9472935199737549,
        1.943716287612915,
        1.940485954284668,
        1.9358234405517578,
        1.9370189905166626,
        1.9498101472854614,
        1.9453390836715698,
        1.9366346597671509,
        1.9389965534210205,
        1.9407676458358765,
        1.9437144994735718
    ],
    "math_loss": [
        1.007169246673584,
        1.0621954202651978,
        1.1258689165115356,
        1.2136415243148804,
        1.3467864990234375,
        1.5001556873321533,
        1.6367459297180176,
        1.7894611358642578,
        1.9533641338348389,
        1.9981456995010376,
        2.0852441787719727,
        2.101248264312744,
        1.9689620733261108,
        2.10414719581604,
        2.1546661853790283,
        2.151373863220215,
        2.121469497680664,
        2.103605031967163,
        2.119744300842285,
        2.1661698818206787,
        2.141488552093506,
        2.1048848628997803,
        2.1168172359466553,
        2.1255240440368652,
        2.12526273727417
    ]
}