{
    "steps": [
        0,
        10,
        20,
        30,
        40,
        50,
        60,
        70,
        80,
        90,
        100,
        110,
        120,
        130,
        140,
        150,
        160,
        170,
        180,
        190,
        200,
        210,
        220,
        230,
        232
    ],
    "hotpot_loss": [
        1.909708857536316,
        1.8174879550933838,
        1.8079030513763428,
        1.8199462890625,
        1.8405293226242065,
        1.8563106060028076,
        1.8675071001052856,
        1.8793869018554688,
        1.897915005683899,
        1.906280279159546,
        1.925459623336792,
        1.9299086332321167,
        1.907325029373169,
        1.9402424097061157,
        1.9543793201446533,
        1.954054355621338,
        1.9483366012573242,
        1.942120909690857,
        1.9425849914550781,
        1.9567188024520874,
        1.9529074430465698,
        1.943884253501892,
        1.9460296630859375,
        1.9480994939804077,
        1.9525773525238037
    ],
    "math_loss": [
        1.0071746110916138,
        1.0573768615722656,
        1.1240208148956299,
        1.213218331336975,
        1.3528436422348022,
        1.5132914781570435,
        1.653141736984253,
        1.8088828325271606,
        1.9740219116210938,
        2.0209059715270996,
        2.113222360610962,
        2.117246150970459,
        1.9799033403396606,
        2.11759614944458,
        2.174609422683716,
        2.1784300804138184,
        2.137599229812622,
        2.1200246810913086,
        2.1312053203582764,
        2.1876182556152344,
        2.16756534576416,
        2.129153251647949,
        2.140460729598999,
        2.1503567695617676,
        2.1503095626831055
    ]
}