{
    "steps": [
        0,
        10,
        20,
        30,
        40,
        50,
        60,
        70,
        80,
        90,
        100,
        110,
        120,
        130,
        140,
        150,
        160,
        170,
        180,
        190,
        200,
        210,
        220,
        230,
        232
    ],
    "hotpot_loss": [
        1.9090803861618042,
        1.8160502910614014,
        1.8069267272949219,
        1.819828987121582,
        1.8419475555419922,
        1.8592579364776611,
        1.8703972101211548,
        1.8837279081344604,
        1.9030548334121704,
        1.9107745885849,
        1.9317550659179688,
        1.9331766366958618,
        1.9101855754852295,
        1.9443204402923584,
        1.963659644126892,
        1.9623371362686157,
        1.9556174278259277,
        1.9504235982894897,
        1.9506620168685913,
        1.9664298295974731,
        1.9624994993209839,
        1.9522387981414795,
        1.9542768001556396,
        1.9567766189575195,
        1.9628371000289917
    ],
    "math_loss": [
        1.0072120428085327,
        1.0638923645019531,
        1.1270606517791748,
        1.2182765007019043,
        1.364690899848938,
        1.5300583839416504,
        1.674038290977478,
        1.8431206941604614,
        2.001871347427368,
        2.0434961318969727,
        2.132551908493042,
        2.1237030029296875,
        1.9892990589141846,
        2.137369155883789,
        2.201638698577881,
        2.2027761936187744,
        2.1535613536834717,
        2.1367886066436768,
        2.1456329822540283,
        2.2041244506835938,
        2.1838066577911377,
        2.142266273498535,
        2.152681589126587,
        2.1637749671936035,
        2.1638195514678955
    ]
}