{
    "steps": [
        0,
        10,
        20,
        30,
        40,
        50,
        60,
        70,
        76
    ],
    "code_loss": [
        0.9870401620864868,
        0.8437108993530273,
        0.8328961730003357,
        0.8289614319801331,
        0.8268136382102966,
        0.8255296945571899,
        0.8248820900917053,
        0.8244707584381104,
        0.824445366859436
    ],
    "math_loss": [
        1.0153647661209106,
        1.1135475635528564,
        1.1658549308776855,
        1.187704086303711,
        1.1948822736740112,
        1.194682240486145,
        1.1941808462142944,
        1.1938979625701904,
        1.1960467100143433
    ]
}