{
    "steps": [
        0,
        10,
        20,
        30,
        40,
        50,
        60,
        70,
        80,
        90,
        100,
        110,
        120,
        126
    ],
    "gsm8k_loss": [
        1.3593926429748535,
        1.0435389280319214,
        0.9695494174957275,
        0.9464002847671509,
        0.9319479465484619,
        0.9221022129058838,
        0.9150531888008118,
        0.9099672436714172,
        0.9057899713516235,
        0.9027140736579895,
        0.900270402431488,
        0.8984013199806213,
        0.8974242210388184,
        0.8974021673202515
    ],
    "math_loss": [
        1.0142215490341187,
        1.1220837831497192,
        1.1703085899353027,
        1.1776013374328613,
        1.1847703456878662,
        1.196797251701355,
        1.2006653547286987,
        1.2051994800567627,
        1.206725001335144,
        1.2069400548934937,
        1.2064290046691895,
        1.209930181503296,
        1.211005687713623,
        1.2112833261489868
    ]
}