{
    "steps": [
        0,
        10,
        20,
        30,
        40,
        50,
        60,
        70,
        80,
        90,
        100,
        110,
        120,
        126
    ],
    "hotpot_loss": [
        1.7423644065856934,
        1.7416850328445435,
        1.740824580192566,
        1.7401407957077026,
        1.7389744520187378,
        1.7382456064224243,
        1.737874984741211,
        1.73749577999115,
        1.737217903137207,
        1.7369312047958374,
        1.7366856336593628,
        1.7364733219146729,
        1.7365407943725586,
        1.7365739345550537
    ],
    "math_loss": [
        1.053724765777588,
        1.0511305332183838,
        1.0468499660491943,
        1.043134093284607,
        1.0420558452606201,
        1.039963960647583,
        1.0377672910690308,
        1.0367592573165894,
        1.03533935546875,
        1.0340386629104614,
        1.0337128639221191,
        1.0333765745162964,
        1.0325149297714233,
        1.0325939655303955
    ]
}