{
    "steps": [
        0,
        10,
        20,
        30,
        40,
        50,
        60,
        70,
        80,
        90,
        100,
        110,
        120,
        126
    ],
    "hotpot_loss": [
        1.7539002895355225,
        1.7500088214874268,
        1.7475978136062622,
        1.745449185371399,
        1.743855595588684,
        1.7425310611724854,
        1.7415080070495605,
        1.7406295537948608,
        1.740158200263977,
        1.7394028902053833,
        1.739214539527893,
        1.7389379739761353,
        1.7387534379959106,
        1.7387927770614624
    ],
    "math_loss": [
        1.0274533033370972,
        1.0343866348266602,
        1.0327898263931274,
        1.034589409828186,
        1.0332008600234985,
        1.032230257987976,
        1.0315576791763306,
        1.0319526195526123,
        1.0297250747680664,
        1.032313346862793,
        1.0291097164154053,
        1.0306283235549927,
        1.0295032262802124,
        1.0295573472976685
    ]
}