{
    "steps": [
        0,
        10,
        20,
        30,
        40,
        50,
        60,
        70,
        80,
        90,
        100,
        110,
        120,
        126
    ],
    "hotpot_loss": [
        1.765313982963562,
        1.758334755897522,
        1.7541791200637817,
        1.7511074542999268,
        1.748816728591919,
        1.7470508813858032,
        1.745539903640747,
        1.7444307804107666,
        1.7436796426773071,
        1.7429157495498657,
        1.7424622774124146,
        1.7421501874923706,
        1.741952896118164,
        1.741929054260254
    ],
    "math_loss": [
        1.0224064588546753,
        1.0477585792541504,
        1.031324028968811,
        1.0351771116256714,
        1.0388188362121582,
        1.0351147651672363,
        1.0359171628952026,
        1.0359119176864624,
        1.0346430540084839,
        1.0370986461639404,
        1.0351239442825317,
        1.0349783897399902,
        1.0345416069030762,
        1.033812403678894
    ]
}