{
    "steps": [
        0,
        10,
        20,
        30,
        40,
        50,
        60,
        70,
        80,
        90,
        100,
        110,
        116
    ],
    "hotpot_loss": [
        1.8875375986099243,
        1.8019939661026,
        1.7842079401016235,
        1.7750437259674072,
        1.7691763639450073,
        1.7653859853744507,
        1.7626527547836304,
        1.760502576828003,
        1.7589377164840698,
        1.7578195333480835,
        1.7569735050201416,
        1.7566829919815063,
        1.7566051483154297
    ],
    "math_loss": [
        1.0148844718933105,
        1.0505691766738892,
        1.0953761339187622,
        1.1121580600738525,
        1.1158808469772339,
        1.1228681802749634,
        1.1283925771713257,
        1.1317039728164673,
        1.1322494745254517,
        1.1349413394927979,
        1.1360867023468018,
        1.1373491287231445,
        1.1371848583221436
    ]
}