{
    "steps": [
        0,
        8
    ],
    "hotpot_loss": [
        2.3205747604370117,
        1.896143913269043
    ],
    "math_loss": [
        1.0997709035873413,
        1.1259493827819824
    ]
}