{
    "steps": [
        0,
        8
    ],
    "hotpot_loss": [
        2.346975564956665,
        1.8963308334350586
    ],
    "math_loss": [
        1.1035903692245483,
        1.126435399055481
    ]
}