{
    "steps": [
        0,
        10,
        16
    ],
    "hotpot_loss": [
        2.3563079833984375,
        1.8318885564804077,
        1.7962833642959595
    ],
    "math_loss": [
        1.0044866800308228,
        1.0094648599624634,
        1.014212727546692
    ]
}