{
    "steps": [
        0,
        8
    ],
    "hotpot_loss": [
        2.2955567836761475,
        1.8737558126449585
    ],
    "math_loss": [
        1.0933406352996826,
        1.1188150644302368
    ]
}