{
    "steps": [
        0,
        8
    ],
    "hotpot_loss": [
        2.343390941619873,
        1.8890165090560913
    ],
    "math_loss": [
        1.1078739166259766,
        1.136716365814209
    ]
}